{
  "metadata": {
    "name": "D Truyện",
    "author": "vBook",
    "version": 6,
    "source": "https://dtruyen.net",
    "regexp": "(www.)?(webtruyen|dtruyen).[a-z]+/[^/]+/?$",
    "description": "Đọc truyện trên trang D Truyện",
    "locale": "vi_VN",
    "language": "javascript",
    "type": "novel"
  },
  "script": {
    "home": "home.js",
    "genre": "genre.js",
    "detail": "detail.js",
    "search": "search.js",
    "toc": "toc.js",
    "chap": "chap.js"
  }
}